{"Amazon": {"gen_gt": [0.5649350881576538, 0.6634584665298462, 0.6663981676101685, 0.5847736597061157, 0.6676437854766846, 0.7127041816711426, 0.5897432565689087, 0.8270810842514038, 0.6424686312675476, 0.6744565367698669, 0.6597470641136169, 0.5949934720993042, 0.6239138841629028, 0.5588027238845825, 0.6229473352432251, 0.5765544176101685, 0.5872247815132141, 0.6997878551483154, 0.5519155859947205, 0.6304385662078857], "gen_text": [0.5114938020706177, 0.6438709497451782, 0.7159830331802368, 0.6587204337120056, 0.6467298865318298, 0.7198781967163086, 0.6457557678222656, 0.6567010879516602, 0.5093883275985718, 0.6886703372001648, 0.6959604024887085, 0.610292911529541, 0.7464713454246521, 0.6584246158599854, 0.4945071339607239, 0.6556119918823242, 0.6534327268600464, 0.61602783203125, 0.5466366410255432, 0.6440296173095703], "gt_text": [0.6695986986160278, 0.7180958986282349, 0.6539331078529358, 0.6241148710250854, 0.6818208694458008, 0.7820136547088623, 0.6440770626068115, 0.6488325595855713, 0.6087439060211182, 0.7350112795829773, 0.6288355588912964, 0.7235541343688965, 0.6245964765548706, 0.4802972078323364, 0.5774094462394714, 0.547579288482666, 0.5714247226715088, 0.521066427230835, 0.6733036041259766, 0.5988897085189819]}}{"CNN_DM": {"gen_gt": [0.7104811668395996, 0.7103632092475891, 0.7451074123382568, 0.7762131094932556, 0.7535406947135925, 0.7298891544342041, 0.7090911865234375, 0.7070590853691101, 0.7601953148841858, 0.7183356285095215, 0.7973618507385254, 0.6333615779876709, 0.7429366111755371, 0.7981956005096436, 0.6649618148803711, 0.7359268665313721, 0.6459667682647705, 0.7564440965652466, 0.7188601493835449, 0.7805004119873047], "gen_text": [0.7231709361076355, 0.7319241762161255, 0.6620352268218994, 0.8053393959999084, 0.7096868753433228, 0.7335340976715088, 0.7341710925102234, 0.7727638483047485, 0.7739328145980835, 0.7651091814041138, 0.7644442915916443, 0.6310509443283081, 0.7519345283508301, 0.8306862711906433, 0.7240278720855713, 0.6862666606903076, 0.635073184967041, 0.7370662689208984, 0.7394112348556519, 0.7624616622924805], "gt_text": [0.7720259428024292, 0.7294105291366577, 0.6242735385894775, 0.7983628511428833, 0.752657949924469, 0.7822946906089783, 0.7286384105682373, 0.7474697232246399, 0.7848571538925171, 0.7180728316307068, 0.7491941452026367, 0.764175295829773, 0.6770824193954468, 0.8006572723388672, 0.7278119325637817, 0.7545608282089233, 0.7374715805053711, 0.7637618780136108, 0.7448172569274902, 0.7727823853492737]}}{"Gigaword": {"gen_gt": [0.7967281341552734, 0.8021526336669922, 0.6995515823364258, 0.7818158864974976, 0.7845975160598755, 0.7270325422286987, 0.8033505082130432, 0.7895773649215698, 0.773108720779419, 0.6959133148193359, 0.7946217060089111, 0.8865698575973511, 0.6726057529449463, 0.6292555928230286, 0.8054031133651733, 0.6890769600868225, 0.7688876390457153, 0.8264503479003906, 0.7612823247909546, 0.8528140187263489], "gen_text": [0.8135381937026978, 0.8261061906814575, 0.7804150581359863, 0.8208335041999817, 0.857702374458313, 0.6843254566192627, 0.8316014409065247, 0.8533952236175537, 0.755165696144104, 0.8096926808357239, 0.7074195146560669, 0.8547998666763306, 0.7140922546386719, 0.6966052055358887, 0.7933574318885803, 0.722321629524231, 0.7407153844833374, 0.832573652267456, 0.7803366184234619, 0.8420352935791016], "gt_text": [0.7876119613647461, 0.8326969742774963, 0.8056823015213013, 0.7992527484893799, 0.7559396028518677, 0.7442873120307922, 0.8013781309127808, 0.8329097032546997, 0.7775179743766785, 0.6903653144836426, 0.7547948360443115, 0.8398145437240601, 0.7538682222366333, 0.7028598785400391, 0.7402768135070801, 0.7507476210594177, 0.80478835105896, 0.8218361139297485, 0.8048511147499084, 0.8095741271972656]}}{"Newsroom": {"gen_gt": [0.6930164098739624, 0.7534046173095703, 0.8066467046737671, 0.7729024887084961, 0.7173242568969727, 0.7725355625152588, 0.5910128355026245, 0.7120070457458496, 0.7567996978759766, 0.735205888748169, 0.7725458145141602, 0.6753182411193848, 0.6422938108444214, 0.8188091516494751, 0.8299892544746399, 0.657884418964386, 0.6053789258003235, 0.8656113147735596, 0.8050664067268372, 0.6150160431861877], "gen_text": [0.6570754051208496, 0.7150256633758545, 0.779660165309906, 0.6931965351104736, 0.741974949836731, 0.8369781970977783, 0.7710415124893188, 0.7167686820030212, 0.7250953912734985, 0.7512524724006653, 0.7707561254501343, 0.6699546575546265, 0.6551637053489685, 0.8189560174942017, 0.7792503833770752, 0.7071864604949951, 0.6640201807022095, 0.7449311017990112, 0.776509165763855, 0.6281566619873047], "gt_text": [0.6927819848060608, 0.7112275958061218, 0.8038315773010254, 0.7729876041412354, 0.7240809798240662, 0.7687859535217285, 0.5943819880485535, 0.7427440881729126, 0.7578229904174805, 0.750259280204773, 0.8172606229782104, 0.7160553336143494, 0.6781154274940491, 0.796626627445221, 0.772697925567627, 0.7094374895095825, 0.661612331867218, 0.7722815275192261, 0.7440898418426514, 0.7755494713783264]}}