{"Amazon": {"gen_gt": {"r1": {"f": 0.08566823651508435, "p": 0.09434939887879047, "r": 0.10575546950032122}, "r2": {"f": 0.010384349705121887, "p": 0.012074398849078573, "r": 0.014367528339778885}, "rl": {"f": 0.10417775034461098, "p": 0.11069738834881583, "r": 0.12235178117681213}, "rw": {"f": 0.06677483863193363, "p": 0.08758252618096167, "r": 0.07336730868195464}}, "gen_text": {"r1": {"f": 0.05242819447300294, "p": 0.5512309278281644, "r": 0.028787172085499396}, "r2": {"f": 0.010723419684793985, "p": 0.12041636699661289, "r": 0.005905874873892548}, "rl": {"f": 0.07421478700923086, "p": 0.5264397073917169, "r": 0.04170332210716146}, "rw": {"f": 0.015559925381387625, "p": 0.41384381686457494, "r": 0.008142552263474257}}, "gt_text": {"r1": {"f": 0.052290325065585855, "p": 0.648105825615589, "r": 0.028168241235797597}, "r2": {"f": 0.015626108092795424, "p": 0.20217367885494256, "r": 0.008494685505240667}, "rl": {"f": 0.07621642165964007, "p": 0.6053084158047686, "r": 0.04208480043938204}, "rw": {"f": 0.01653179007571984, "p": 0.4952305307968101, "r": 0.008601237352768498}}}}{"CNN_DM": {"gen_gt": {"r1": {"f": 0.07292332305562071, "p": 0.07256821079238587, "r": 0.07945044762030798}, "r2": {"f": 0.0086348688717239, "p": 0.008723163583247892, "r": 0.009210807093819525}, "rl": {"f": 0.09071749525485498, "p": 0.08975511064524441, "r": 0.09715415210139694}, "rw": {"f": 0.04598629971212188, "p": 0.06038785032225182, "r": 0.04000738381469344}}, "gen_text": {"r1": {"f": 0.10634241082229316, "p": 0.7133852628519654, "r": 0.0588164072665464}, "r2": {"f": 0.04713299975434096, "p": 0.3332244740212412, "r": 0.025855682945212274}, "rl": {"f": 0.13525436150875847, "p": 0.6329487217272137, "r": 0.07737181415257897}, "rw": {"f": 0.02680509674206937, "p": 0.4741998189587149, "r": 0.014004567639274464}}, "gt_text": {"r1": {"f": 0.04355128995533463, "p": 0.3245865415263557, "r": 0.023861574866394765}, "r2": {"f": 0.008786692831669787, "p": 0.06994864985857406, "r": 0.004782016707841707}, "rl": {"f": 0.0649153344416974, "p": 0.3300079088488812, "r": 0.03671817905969198}, "rw": {"f": 0.011639098211583786, "p": 0.2305227111279138, "r": 0.006065940720188116}}}}{"Gigaword": {"gen_gt": {"r1": {"f": 0.2853643321021283, "p": 0.2729499840331896, "r": 0.3167721572808476}, "r2": {"f": 0.0897993199356636, "p": 0.08626240802430814, "r": 0.10017995617783876}, "rl": {"f": 0.31225729443776523, "p": 0.299678256450603, "r": 0.3394482079693906}, "rw": {"f": 0.19798645379625618, "p": 0.23237784456302724, "r": 0.1828740559209384}}, "gen_text": {"r1": {"f": 0.25953059473675943, "p": 0.5479246166788034, "r": 0.17384920186822633}, "r2": {"f": 0.08569558061827673, "p": 0.18882036994675847, "r": 0.056790146884417844}, "rl": {"f": 0.2858994187566691, "p": 0.5236987152859891, "r": 0.20016675867249842}, "rw": {"f": 0.1125161677196018, "p": 0.40502008389298283, "r": 0.06639230924375035}}, "gt_text": {"r1": {"f": 0.289417767211672, "p": 0.6885213799362797, "r": 0.1867600378841392}, "r2": {"f": 0.09967233777119007, "p": 0.2504593472236095, "r": 0.06361624892756289}, "rl": {"f": 0.3218898634469412, "p": 0.6485625789601169, "r": 0.21749178896407922}, "rw": {"f": 0.1257454978044204, "p": 0.5161676416291685, "r": 0.07262234487208882}}}}{"Newsroom": {"gen_gt": {"r1": {"f": 0.16052275443558012, "p": 0.16030814628144052, "r": 0.17912254272753442}, "r2": {"f": 0.04464684679527587, "p": 0.04470936912627627, "r": 0.051521665694367606}, "rl": {"f": 0.18590965203415097, "p": 0.18425884122266198, "r": 0.20276836197974335}, "rw": {"f": 0.10982962570912899, "p": 0.1379572412364323, "r": 0.10162035574206267}}, "gen_text": {"r1": {"f": 0.11054784810450792, "p": 0.5110575785892935, "r": 0.06520525400788767}, "r2": {"f": 0.03155946227363776, "p": 0.15548624885885584, "r": 0.01848581886960252}, "rl": {"f": 0.13575037965206382, "p": 0.47296264135591837, "r": 0.08289113082896829}, "rw": {"f": 0.03510495699998911, "p": 0.3538852703053136, "r": 0.01920173980458071}}, "gt_text": {"r1": {"f": 0.12428620381706026, "p": 0.6106625087315227, "r": 0.0730630315591771}, "r2": {"f": 0.05315383246765315, "p": 0.2591375339182323, "r": 0.03175599460740114}, "rl": {"f": 0.15393518775667114, "p": 0.5627031677275094, "r": 0.09354043576372822}, "rw": {"f": 0.04407030749901561, "p": 0.44672811968626336, "r": 0.02430174165027417}}}}